df1,df2,match
fm_11968,eafc_11317,True
fm_10308,eafc_11305,True
fm_14225,eafc_3266,True
fm_15891,eafc_4592,True
fm_6225,eafc_1796,True
fm_14301,eafc_4975,True
fm_14176,eafc_3652,True
fm_15129,eafc_6489,True
fm_14887,eafc_9453,True
fm_15508,eafc_6625,True
fm_14648,eafc_6570,True
fm_14277,eafc_5017,True
fm_10425,eafc_11436,True
fm_6990,eafc_7692,True
fm_15702,eafc_7639,True
fm_15533,eafc_3486,True
fm_16273,eafc_8840,True
fm_10305,eafc_11368,True
fm_10397,eafc_11496,True
fm_10693,eafc_11508,True
fm_14312,eafc_5370,True
fm_14542,eafc_6666,True
fm_14840,eafc_7120,True
fm_11460,eafc_2482,True
fm_11198,eafc_11673,True
fm_14837,eafc_6164,True
fm_14922,eafc_7453,True
fm_14533,eafc_6503,True
fm_1387,eafc_3685,True
fm_10366,eafc_11500,True
fm_14308,eafc_4300,True
fm_15116,eafc_5830,True
fm_14264,eafc_2662,True
fm_10638,eafc_11425,True
fm_10187,eafc_1919,True
fm_14203,eafc_1985,True
fm_10252,eafc_11407,True
fm_16090,eafc_7449,True
fm_14754,eafc_5498,True
fm_14929,eafc_9386,True
fm_15402,eafc_4380,True
fm_10913,eafc_11620,True
fm_16575,eafc_8842,True
fm_15631,eafc_1567,True
fm_15874,eafc_9866,True
fm_15462,eafc_5424,True
fm_14345,eafc_3761,True
fm_10634,eafc_11617,True
fm_11392,eafc_1153,True
fm_16403,eafc_8971,True
fm_10558,eafc_11434,True
fm_10161,eafc_2377,True
fm_10656,eafc_11354,True
fm_14223,eafc_5760,True
fm_10986,eafc_11598,True
fm_10458,eafc_11399,True
fm_14603,eafc_5432,True
fm_10132,eafc_6629,True
fm_6278,eafc_7369,True
fm_16031,eafc_8640,True
fm_15487,eafc_9758,True
fm_10202,eafc_1597,True
fm_10652,eafc_11541,True
fm_10617,eafc_11427,True
fm_11360,eafc_3765,True
fm_14554,eafc_2685,True
fm_10380,eafc_11393,True
fm_14379,eafc_3403,True
fm_10734,eafc_11578,True
fm_15715,eafc_7124,True
fm_1304,eafc_1713,True
fm_1322,eafc_2136,True
fm_10962,eafc_11630,True
fm_14252,eafc_2695,True
fm_15380,eafc_2092,True
fm_6250,eafc_4690,True
fm_10572,eafc_11295,True
fm_14765,eafc_2321,True
fm_15578,eafc_6304,True
fm_1836,eafc_3115,True
fm_14650,eafc_5794,True
fm_14170,eafc_5758,True
fm_10566,eafc_11369,True
fm_16394,eafc_6623,True
fm_14670,eafc_7191,True
fm_6271,eafc_6519,True
fm_15703,eafc_5021,True
fm_16047,eafc_6038,True
fm_14270,eafc_2452,True
fm_1247,eafc_5958,True
fm_14195,eafc_4316,True
fm_14845,eafc_6532,True
fm_18230,eafc_10040,True
fm_11038,eafc_11547,True
fm_16237,eafc_8796,True
fm_12609,eafc_6303,True
fm_14174,eafc_5927,True
fm_16051,eafc_2998,True
fm_14752,eafc_1590,True
fm_6106,eafc_5802,True
fm_9500,eafc_5532,True
fm_10785,eafc_11486,False
fm_4609,eafc_8372,True
fm_11316,eafc_1936,True
fm_5715,eafc_10703,False
fm_1708,eafc_9123,True
fm_12840,eafc_8977,False
fm_16337,eafc_8760,False
fm_15957,eafc_1201,True
fm_1485,eafc_9790,True
fm_1450,eafc_9114,True
fm_16264,eafc_7073,True
fm_14677,eafc_3814,True
fm_6610,eafc_2211,True
fm_6361,eafc_5954,True
fm_1744,eafc_9152,True
fm_2694,eafc_8026,True
fm_2470,eafc_5840,True
fm_5475,eafc_10992,True
fm_7072,eafc_8946,True
fm_10303,eafc_3070,True
fm_15934,eafc_8650,True
fm_6165,eafc_1852,True
fm_17602,eafc_2584,False
fm_2981,eafc_7322,True
fm_12034,eafc_2661,True
fm_15711,eafc_6521,True
fm_2208,eafc_4617,True
fm_8978,eafc_8958,False
fm_16455,eafc_11045,False
fm_11950,eafc_8182,True
fm_4429,eafc_10959,False
fm_2315,eafc_1383,True
fm_11368,eafc_3709,True
fm_7572,eafc_11043,True
fm_17174,eafc_9806,False
fm_12747,eafc_7675,False
fm_8200,eafc_9922,True
fm_14905,eafc_3075,True
fm_16755,eafc_10137,True
fm_9440,eafc_4921,True
fm_16669,eafc_3277,False
fm_12342,eafc_2045,True
fm_16204,eafc_5178,True
fm_14967,eafc_5012,True
fm_6222,eafc_3335,True
fm_5560,eafc_9843,False
fm_3622,eafc_7931,False
fm_12289,eafc_10181,False
fm_2783,eafc_6009,True
fm_3095,eafc_3526,True
fm_6763,eafc_5670,True
fm_1346,eafc_5264,True
fm_7149,eafc_9789,False
fm_1878,eafc_5060,True
fm_3445,eafc_4560,True
fm_10750,eafc_11329,False
fm_6771,eafc_3347,True
fm_17326,eafc_6444,False
fm_6572,eafc_3683,True
fm_10925,eafc_11713,False
fm_2710,eafc_8821,False
fm_16081,eafc_2621,True
fm_10393,eafc_11460,False
fm_15206,eafc_8641,False
fm_13899,eafc_6569,False
fm_1535,eafc_6695,True
fm_6566,eafc_3099,True
fm_9768,eafc_8766,True
fm_13493,eafc_7534,False
fm_11815,eafc_7349,True
fm_3184,eafc_9435,True
fm_3140,eafc_3974,True
fm_14372,eafc_3184,True
fm_6227,eafc_2532,True
fm_18233,eafc_5851,False
fm_7178,eafc_10002,True
fm_4545,eafc_8610,True
fm_5548,eafc_5209,False
fm_15789,eafc_10914,False
fm_4099,eafc_8574,True
fm_11154,eafc_11654,False
fm_6549,eafc_5175,True
fm_10034,eafc_3913,False
fm_6933,eafc_4804,True
fm_9899,eafc_9894,True
fm_3250,eafc_2313,True
fm_11567,eafc_4931,True
fm_10855,eafc_11705,False
fm_2328,eafc_6618,True
fm_1099,eafc_7320,True
fm_14294,eafc_6674,False
fm_9673,eafc_4620,True
fm_10564,eafc_11431,False
fm_14782,eafc_4998,True
fm_14434,eafc_3008,True
fm_16470,eafc_2120,False
fm_16588,eafc_7684,True
fm_3973,eafc_6192,False
fm_14061,eafc_11128,False
fm_3878,eafc_5490,True
fm_9873,eafc_9389,True
fm_2056,eafc_1982,True
fm_9509,eafc_6095,True
fm_10096,eafc_3193,True
fm_3714,eafc_5315,True
fm_12054,eafc_4887,True
fm_16995,eafc_3685,False
fm_3861,eafc_5027,True
fm_15785,eafc_7270,True
fm_1003,eafc_1069,True
fm_4402,eafc_7343,False
fm_9950,eafc_6888,True
fm_7306,eafc_9946,True
fm_15097,eafc_2711,True
fm_12630,eafc_8198,False
fm_15885,eafc_9483,True
fm_15338,eafc_1401,True
fm_6309,eafc_3014,True
fm_1059,eafc_1196,True
fm_17959,eafc_1194,False
fm_16564,eafc_10969,False
fm_15919,eafc_9903,True
fm_15080,eafc_3021,True
fm_1196,eafc_4610,True
fm_2358,eafc_5937,True
fm_2002,eafc_1251,True
fm_3270,eafc_8093,True
fm_10957,eafc_11349,False
fm_6896,eafc_9346,True
fm_13396,eafc_9908,True
fm_16352,eafc_7083,True
fm_16306,eafc_6324,True
fm_10073,eafc_4830,True
fm_1733,eafc_3525,False
fm_1137,eafc_6366,True
fm_1937,eafc_4771,True
fm_11753,eafc_6611,True
fm_3238,eafc_4724,True
fm_1217,eafc_3208,True
fm_11255,eafc_2867,True
fm_1900,eafc_6230,True
fm_15332,eafc_7835,True
fm_11280,eafc_5719,True
fm_7423,eafc_10051,True
fm_16671,eafc_10943,False
fm_9743,eafc_1902,True
fm_12242,eafc_6833,True
fm_12567,eafc_8168,True
fm_5193,eafc_8327,True
fm_16510,eafc_9626,True
fm_10128,eafc_11347,True
fm_7323,eafc_8180,False
fm_12550,eafc_11044,False
fm_11484,eafc_6297,True
fm_2261,eafc_1574,True
fm_9195,eafc_11055,False
fm_1290,eafc_6720,True
fm_12078,eafc_4492,True
fm_12492,eafc_9368,True
fm_1928,eafc_6374,True
fm_9372,eafc_1581,True
fm_6942,eafc_7921,True
fm_13776,eafc_10054,False
fm_14136,eafc_1296,True
fm_12304,eafc_8684,True
fm_3771,eafc_8578,True
fm_1424,eafc_3048,True
fm_2862,eafc_7174,True
fm_9642,eafc_9515,True
fm_6099,eafc_5277,True
fm_6841,eafc_4498,True
fm_6743,eafc_9348,True
fm_1101,eafc_1420,True
fm_3267,eafc_7129,False
fm_9973,eafc_10813,False
fm_11780,eafc_2551,True
fm_16057,eafc_7133,True
fm_10185,eafc_7527,False
fm_2121,eafc_1161,True
fm_6139,eafc_3703,True
fm_10392,eafc_11672,True
fm_15362,eafc_6872,True
fm_6157,eafc_3074,True
fm_11474,eafc_5535,True
fm_6422,eafc_5378,True
fm_16651,eafc_7961,True
fm_1431,eafc_7584,True
fm_6711,eafc_6480,True
fm_4595,eafc_9310,True
fm_1970,eafc_6379,True
fm_3277,eafc_1705,True
fm_10527,eafc_10886,False
fm_6412,eafc_3595,True
fm_12524,eafc_9684,True
fm_11498,eafc_5042,True
fm_1828,eafc_2245,True
fm_10919,eafc_11625,True
fm_11628,eafc_1074,True
fm_16093,eafc_2666,True
fm_17056,eafc_10345,False
fm_3885,eafc_1631,False
fm_5856,eafc_5573,False
fm_6952,eafc_5873,False
fm_7950,eafc_4641,False
fm_9908,eafc_3812,False
fm_5973,eafc_10909,False
fm_17953,eafc_1194,False
fm_3928,eafc_4701,False
fm_8245,eafc_9382,False
fm_5614,eafc_10930,False
fm_7842,eafc_5423,False
fm_8136,eafc_6197,False
fm_13896,eafc_9593,False
fm_18359,eafc_10891,False
fm_13187,eafc_1390,False
fm_4668,eafc_10301,False
fm_15595,eafc_8505,False
fm_5561,eafc_10367,False
fm_8272,eafc_10404,False
fm_12278,eafc_11212,False
fm_13852,eafc_9006,False
fm_4710,eafc_9746,False
fm_4208,eafc_8217,False
fm_5745,eafc_8751,False
fm_1971,eafc_3670,False
fm_10994,eafc_9966,False
fm_10883,eafc_11409,False
fm_4999,eafc_9092,False
fm_13407,eafc_9290,False
fm_17735,eafc_11263,False
fm_9819,eafc_6103,False
fm_5342,eafc_8701,False
fm_17621,eafc_4216,False
fm_2350,eafc_1657,False
fm_17534,eafc_8390,False
fm_5168,eafc_7476,False
fm_9981,eafc_7752,False
fm_14257,eafc_2029,False
fm_15998,eafc_2782,False
fm_5885,eafc_10082,False
fm_4769,eafc_11265,False
fm_8007,eafc_9846,False
fm_12379,eafc_10512,False
fm_16805,eafc_11244,False
fm_12533,eafc_5940,False
fm_2023,eafc_6215,False
fm_8708,eafc_5183,False
fm_7108,eafc_11170,False
fm_17387,eafc_10794,False
fm_10361,eafc_11495,False
fm_9969,eafc_2517,False
fm_14795,eafc_2085,False
fm_5991,eafc_10523,False
fm_8719,eafc_7537,False
fm_17742,eafc_10133,False
fm_13209,eafc_7822,False
fm_5100,eafc_11633,False
fm_8639,eafc_10215,False
fm_8293,eafc_8294,False
fm_10457,eafc_11585,False
fm_7367,eafc_9822,False
fm_18237,eafc_7603,False
fm_8126,eafc_2363,False
fm_7920,eafc_8898,False
fm_9730,eafc_9456,False
fm_17989,eafc_10624,False
fm_8958,eafc_9819,False
fm_13514,eafc_10301,False
fm_8838,eafc_11675,False
fm_18142,eafc_8929,False
fm_15775,eafc_1111,False
fm_4379,eafc_5585,False
fm_16590,eafc_5557,False
fm_7253,eafc_7198,False
fm_13414,eafc_9029,False
fm_4745,eafc_8095,False
fm_4079,eafc_11100,False
fm_7442,eafc_10266,False
fm_13905,eafc_8201,False
fm_13453,eafc_9605,False
fm_3127,eafc_2825,False
fm_12503,eafc_11172,False
fm_6035,eafc_10992,False
fm_7057,eafc_9872,False
fm_10452,eafc_10460,False
fm_8425,eafc_4121,False
fm_7808,eafc_10925,False
fm_17322,eafc_10082,False
fm_7277,eafc_7975,False
fm_3300,eafc_10610,False
fm_5843,eafc_10858,False
fm_7515,eafc_6558,False
fm_8330,eafc_6092,False
fm_18364,eafc_11054,False
fm_2027,eafc_2784,False
fm_10152,eafc_1897,False
fm_9527,eafc_1413,False
fm_17104,eafc_4194,False
fm_2720,eafc_4750,False
fm_4058,eafc_10644,False
fm_7880,eafc_11128,False
fm_11041,eafc_6807,False
fm_7545,eafc_9041,False
fm_6046,eafc_3025,False
fm_7436,eafc_2200,False
fm_5665,eafc_9448,False
fm_16948,eafc_9284,False
fm_18386,eafc_9572,False
fm_7421,eafc_10301,False
fm_12914,eafc_3935,False
fm_1751,eafc_11040,False
fm_1019,eafc_3877,False
fm_10068,eafc_7922,False
fm_6880,eafc_9980,False
fm_14083,eafc_9805,False
fm_9165,eafc_10944,False
fm_4013,eafc_5295,False
fm_17526,eafc_4194,False
fm_16071,eafc_5774,False
fm_8613,eafc_2093,False
fm_10845,eafc_11625,False
fm_5848,eafc_10855,False
fm_7994,eafc_10226,False
fm_4784,eafc_4601,False
fm_7311,eafc_2388,False
fm_9209,eafc_10966,False
fm_12859,eafc_7759,False
fm_17845,eafc_1742,False
fm_7486,eafc_5697,False
fm_13559,eafc_5821,False
fm_17757,eafc_11246,False
fm_16529,eafc_7748,False
fm_13181,eafc_11058,False
fm_8363,eafc_9824,False
fm_12364,eafc_8928,False
fm_4290,eafc_10534,False
fm_17545,eafc_10911,False
fm_14741,eafc_5038,False
fm_7973,eafc_10871,False
fm_7690,eafc_10041,False
fm_12771,eafc_11121,False
fm_9903,eafc_9844,False
fm_4584,eafc_10005,False
fm_5935,eafc_4269,False
fm_1476,eafc_10301,False
fm_8899,eafc_7653,False
fm_1856,eafc_2762,False
fm_11009,eafc_7551,False
fm_5870,eafc_11015,False
fm_4532,eafc_10297,False
fm_10347,eafc_4795,False
fm_13558,eafc_9843,False
fm_9940,eafc_10410,False
fm_9692,eafc_2391,False
fm_14661,eafc_4977,False
fm_8202,eafc_9165,False
fm_17350,eafc_10319,False
fm_8035,eafc_11215,False
fm_15492,eafc_7191,False
fm_17874,eafc_5235,False
fm_17360,eafc_10777,False
fm_12465,eafc_8884,False
fm_15504,eafc_1838,False
fm_10758,eafc_9398,False
fm_3388,eafc_3403,False
fm_18014,eafc_9337,False
fm_13471,eafc_10952,False
fm_7822,eafc_3091,False
fm_3543,eafc_11177,False
fm_7958,eafc_7022,False
fm_17920,eafc_10662,False
fm_17366,eafc_9143,False
fm_12071,eafc_5321,False
fm_17321,eafc_1199,False
fm_11670,eafc_10811,False
fm_14106,eafc_3417,False
fm_2429,eafc_9141,False
fm_7220,eafc_9233,False
fm_2411,eafc_3598,False
fm_18063,eafc_10071,False
fm_7315,eafc_9724,False
fm_7831,eafc_8159,False
fm_17725,eafc_11545,False
fm_17344,eafc_5497,False
fm_18222,eafc_6709,False
fm_4919,eafc_6798,False
fm_12682,eafc_8011,False
fm_8654,eafc_9578,False
fm_12693,eafc_9360,False
fm_9284,eafc_1983,False
fm_8268,eafc_10408,False
fm_9116,eafc_7579,False
fm_15723,eafc_2279,False
fm_12419,eafc_9080,False
fm_12841,eafc_9103,False
fm_5660,eafc_8983,False
fm_18024,eafc_3654,False
fm_8849,eafc_1576,False
fm_13847,eafc_2924,False
